case,algorithm,nodes,edges,status,optimal_cost,returned_cost,median_ms,min_ms,repeats,expansions,reexpansions,pushes,pops,stale_pops,relaxations,improvements,decrease_keys,peak_queue,paths_examined,prefixes,h_evals
Main graph,brute_force,9,14,found,8,8,0.008682,0.007191,9,13,0,0,0,0,22,0,0,0,8,21,0
Main graph,dijkstra_lazy,9,14,found,8,8,0.010238,0.009799,9,8,0,13,11,2,14,12,0,6,0,0,0
Main graph,dijkstra_eager,9,14,found,8,8,0.017913,0.017384,9,8,0,9,9,0,14,12,4,4,0,0,0
Main graph,astar,9,14,found,8,8,0.010403,0.009574,9,4,0,10,5,0,10,9,0,6,0,0,6
Admissible but inconsistent,brute_force,4,4,found,5,5,0.003609,0.003228,9,4,0,0,0,0,5,0,0,0,2,6,0
Admissible but inconsistent,dijkstra_lazy,4,4,found,5,5,0.004823,0.004233,9,3,0,5,5,1,4,4,0,2,0,0,0
Admissible but inconsistent,dijkstra_eager,4,4,found,5,5,0.007747,0.006959,9,3,0,4,4,0,4,4,1,2,0,0,0
Admissible but inconsistent,astar,4,4,found,5,5,0.006865,0.006533,9,4,1,6,5,0,5,5,0,2,0,0,4
Complete-5,brute_force,5,20,found,1,1,0.01297,0.010835,9,16,0,0,0,0,64,0,0,0,16,32,0
Complete-5,dijkstra_lazy,5,20,found,1,1,0.005608,0.00495,9,4,0,5,5,0,16,4,0,4,0,0,0
Complete-5,dijkstra_eager,5,20,found,1,1,0.009015,0.008328,9,4,0,5,5,0,16,4,0,4,0,0,0
Complete-5,astar,5,20,found,1,1,0.005908,0.005514,9,1,0,5,2,0,4,4,0,4,0,0,5
Complete-7,brute_force,7,42,found,1,1,0.205872,0.189182,9,326,0,0,0,0,1956,0,0,0,326,652,0
Complete-7,dijkstra_lazy,7,42,found,1,1,0.008188,0.007461,9,6,0,7,7,0,36,6,0,6,0,0,0
Complete-7,dijkstra_eager,7,42,found,1,1,0.013116,0.012883,9,6,0,7,7,0,36,6,0,6,0,0,0
Complete-7,astar,7,42,found,1,1,0.007499,0.007017,9,1,0,7,2,0,6,6,0,6,0,0,7
Complete-9,brute_force,9,72,budget_exhausted,1,2,8.789333,8.552345,9,12504,0,0,0,0,100008,0,0,0,12496,25000,0
Complete-9,dijkstra_lazy,9,72,found,1,1,0.011048,0.010619,9,8,0,9,9,0,64,8,0,8,0,0,0
Complete-9,dijkstra_eager,9,72,found,1,1,0.018515,0.017718,9,8,0,9,9,0,64,8,0,8,0,0,0
Complete-9,astar,9,72,found,1,1,0.00902,0.008177,9,1,0,9,2,0,8,8,0,8,0,0,9
Complete-11,brute_force,11,110,budget_exhausted,1,4,9.518159,9.388349,9,12504,0,0,0,0,125001,0,0,0,12496,25000,0
Complete-11,dijkstra_lazy,11,110,found,1,1,0.013923,0.013637,9,10,0,11,11,0,100,10,0,10,0,0,0
Complete-11,dijkstra_eager,11,110,found,1,1,0.024255,0.023484,9,10,0,11,11,0,100,10,0,10,0,0,0
Complete-11,astar,11,110,found,1,1,0.010136,0.009733,9,1,0,11,2,0,10,10,0,10,0,0,11
Random-40-seed17,brute_force,40,248,not_run_size_limit,29,,,,0,,,,,,,,,,,,
Random-40-seed17,dijkstra_lazy,40,248,found,29,29,0.042781,0.041586,9,26,0,59,35,8,156,58,0,33,0,0,0
Random-40-seed17,dijkstra_eager,40,248,found,29,29,0.099328,0.096231,9,26,0,40,27,0,156,58,19,20,0,0,0
Random-40-seed17,astar,40,248,found,29,29,0.060127,0.058997,9,26,0,59,35,8,156,58,0,33,0,0,40
Random-180-seed17,brute_force,180,4340,not_run_size_limit,3,,,,0,,,,,,,,,,,,
Random-180-seed17,dijkstra_lazy,180,4340,found,3,3,0.505682,0.498344,9,151,0,501,180,28,3644,500,0,376,0,0,0
Random-180-seed17,dijkstra_eager,180,4340,found,3,3,1.08661,1.063704,9,151,0,180,152,0,3644,500,321,151,0,0,0
Random-180-seed17,astar,180,4340,found,3,3,0.608085,0.599789,9,151,0,501,180,28,3644,500,0,376,0,0,180
Grid-24x16-open-zero,brute_force,384,1456,not_run_size_limit,21,,,,0,,,,,,,,,,,,
Grid-24x16-open-zero,dijkstra_lazy,384,1456,found,21,21,0.291969,0.287476,9,288,0,304,289,0,1107,303,0,20,0,0,0
Grid-24x16-open-zero,dijkstra_eager,384,1456,found,21,21,0.758912,0.735992,9,288,0,304,289,0,1107,303,0,20,0,0,0
Grid-24x16-open-zero,astar,384,1456,found,21,21,0.409366,0.400382,9,288,0,304,289,0,1107,303,0,20,0,0,304
Grid-24x16-open-euclidean,brute_force,384,1456,not_run_size_limit,21,,,,0,,,,,,,,,,,,
Grid-24x16-open-euclidean,dijkstra_lazy,384,1456,found,21,21,0.294044,0.287485,9,288,0,304,289,0,1107,303,0,20,0,0,0
Grid-24x16-open-euclidean,dijkstra_eager,384,1456,found,21,21,0.755437,0.74218,9,288,0,304,289,0,1107,303,0,20,0,0,0
Grid-24x16-open-euclidean,astar,384,1456,found,21,21,0.070073,0.068929,9,21,0,65,22,0,84,64,0,44,0,0,65
Grid-24x16-open-manhattan,brute_force,384,1456,not_run_size_limit,21,,,,0,,,,,,,,,,,,
Grid-24x16-open-manhattan,dijkstra_lazy,384,1456,found,21,21,0.290177,0.285722,9,288,0,304,289,0,1107,303,0,20,0,0,0
Grid-24x16-open-manhattan,dijkstra_eager,384,1456,found,21,21,0.748295,0.735588,9,288,0,304,289,0,1107,303,0,20,0,0,0
Grid-24x16-open-manhattan,astar,384,1456,found,21,21,0.06925,0.067462,9,21,0,65,22,0,84,64,0,44,0,0,65
Grid-24x16-wall-zero,brute_force,369,1366,not_run_size_limit,33,,,,0,,,,,,,,,,,,
Grid-24x16-wall-zero,dijkstra_lazy,369,1366,found,33,33,0.318604,0.306226,9,315,0,325,316,0,1169,324,0,20,0,0,0
Grid-24x16-wall-zero,dijkstra_eager,369,1366,found,33,33,0.769667,0.752422,9,315,0,325,316,0,1169,324,0,20,0,0,0
Grid-24x16-wall-zero,astar,369,1366,found,33,33,0.436612,0.427181,9,315,0,325,316,0,1169,324,0,20,0,0,325
Grid-24x16-wall-euclidean,brute_force,369,1366,not_run_size_limit,33,,,,0,,,,,,,,,,,,
Grid-24x16-wall-euclidean,dijkstra_lazy,369,1366,found,33,33,0.31373,0.30736,9,315,0,325,316,0,1169,324,0,20,0,0,0
Grid-24x16-wall-euclidean,dijkstra_eager,369,1366,found,33,33,0.773509,0.756514,9,315,0,325,316,0,1169,324,0,20,0,0,0
Grid-24x16-wall-euclidean,astar,369,1366,found,33,33,0.400778,0.392544,9,269,0,288,270,0,1005,287,0,31,0,0,288
Grid-24x16-wall-manhattan,brute_force,369,1366,not_run_size_limit,33,,,,0,,,,,,,,,,,,
Grid-24x16-wall-manhattan,dijkstra_lazy,369,1366,found,33,33,0.321277,0.309226,9,315,0,325,316,0,1169,324,0,20,0,0,0
Grid-24x16-wall-manhattan,dijkstra_eager,369,1366,found,33,33,0.772002,0.754468,9,315,0,325,316,0,1169,324,0,20,0,0,0
Grid-24x16-wall-manhattan,astar,369,1366,found,33,33,0.359991,0.355493,9,224,0,274,225,0,865,273,0,50,0,0,274
